{
  "image": "mouse_ref.png",
  "corners": {
    "top_left": [
      216.91123962402344,
      105.73372650146484
    ],
    "top_right": [
      982.1655883789062,
      121.22294616699219
    ],
    "bottom_right": [
      1042.812255859375,
      888.72021484375
    ],
    "bottom_left": [
      198.9290771484375,
      873.6453857421875
    ]
  },
  "roi": {
    "x1": 178,
    "y1": 85,
    "x2": 1063,
    "y2": 909,
    "width": 885,
    "height": 824
  }
}