{
  "roi": {
    "x1": 178,
    "y1": 85,
    "x2": 1063,
    "y2": 909,
    "width": 885,
    "height": 824
  },
  "contour_area_px2": 198422.0,
  "contour_perimeter_px": 1680.8519248962402,
  "bbox_x": 463,
  "bbox_y": 167,
  "bbox_w": 382,
  "bbox_h": 641,
  "center_x": 652.6396484375,
  "center_y": 486.914306640625,
  "mouse_length_px": 641.66259765625,
  "mouse_width_px": 379.32568359375,
  "aspect_ratio": 1.6915875339025486,
  "extent": 0.8103421519059715,
  "circularity": 0.8825529585502147,
  "major_axis_x": -0.05259395164023663,
  "major_axis_y": -0.9986159803702646,
  "minor_axis_x": -0.9986159803702646,
  "minor_axis_y": 0.05259395164023663,
  "real_length_mm": 130.0,
  "real_width_mm": 75.0,
  "mm_per_pixel_length": 0.20259868733948444,
  "mm_per_pixel_width": 0.19771927724336077
}